reinsurer,authorization_category,authorization_status,state,jurisdiction,years,lines,source_section,notes
Arch Reinsurance Ltd.,Certified Reinsurer,Secure-3 (20%),Alabama,Bermuda,Expires 12/31/2025,,Approved Certified Reinsurers PDF,Lead state: Missouri
Endurance Specialty Insurance Ltd.,Certified Reinsurer,Secure-3 (20%),Alabama,Bermuda,Expires 12/31/2025,,Approved Certified Reinsurers PDF,Lead state: Florida
Fidelis Insurance Bermuda Ltd.,Certified Reinsurer,Secure-4 (50%),Alabama,Bermuda,Expires 12/31/2025,,Approved Certified Reinsurers PDF,Lead state: Florida
Fidelis Underwriting Ltd.,Certified Reinsurer,Secure-4 (50%),Alabama,United Kingdom,Expires 12/31/2025,,Approved Certified Reinsurers PDF,Lead state: Florida
Hannover Ruck SE,Certified Reinsurer,Secure-2 (10%),Alabama,Germany,Expires 12/31/2025,,Approved Certified Reinsurers PDF,Lead state: New York
RenaissanceRe Europe AG,Certified Reinsurer,Secure-3 (20%),Alabama,Switzerland,Expires 12/31/2025,,Approved Certified Reinsurers PDF,Lead state: New York
Somers Re Ltd. (fka Watford Re Ltd.),Certified Reinsurer,Secure-4 (50%),Alabama,Bermuda,Expires 12/31/2025,,Approved Certified Reinsurers PDF,Lead state: New Jersey
XL Bermuda Ltd.,Certified Reinsurer,Secure-2 (10%),Alabama,Bermuda,Expires 12/31/2025,,Approved Certified Reinsurers PDF,Lead state: New York
XL Re Europe SE,Certified Reinsurer,Secure-? (10%),Alabama,Bermuda,Expires 12/31/2025,,Approved Certified Reinsurers PDF,"Lead state: New York; rating appears as ""SECURE -/ 10%"" in source"
Allied World Assurance Co. Ltd.,Certified Reinsurer,Secure-3,Arkansas,,Effective 1/1/2018 | Exp 12/31/2025,Property/Casualty,Listing of Certified Reinsurers,
Arch Reinsurance Ltd.,Certified Reinsurer,Secure-3,Arkansas,,Effective 1/1/2017 | Exp 12/31/2025,"Life, Annuities, Accident/Health, and Property/Casualty",Listing of Certified Reinsurers,
"Chubb European Group, SE",Certified Reinsurer,Secure-2,Arkansas,,Effective 1/1/2021 | Exp 12/31/2023,"Property/Casualty, Accident and Health",Listing of Certified Reinsurers,
Endurance Specialty Ins. Ltd,Certified Reinsurer,Secure-3,Arkansas,,Effective 1/1/2019 | Exp 12/31/2025,Property/Casualty,Listing of Certified Reinsurers,
Fidelis Underwriting Limited,Certified Reinsurer,Secure-4,Arkansas,,Effective 1/1/2022 | Exp 12/31/2025,Property/Casualty,Listing of Certified Reinsurers,
Hannover Ruck SE,Certified Reinsurer,Secure-2,Arkansas,,Effective 1/1/2016 | Exp 12/31/2025,"Life, Annuities, Accident/Health, and Property/Casualty",Listing of Certified Reinsurers,
Partner Reinsurance Europe SE,Certified Reinsurer,Secure-3,Arkansas,,Effective 1/1/2020 | Exp 12/31/2025,"Property/Casualty, Life, Annuities, Accident and Health",Listing of Certified Reinsurers,
Somers Re Ltd,Certified Reinsurer,Secure-4,Arkansas,,Effective 1/1/2020 | Exp 12/31/2025,Property/Casualty,Listing of Certified Reinsurers,
TransRe London Limited,Certified Reinsurer,Secure-2,Arkansas,,Effective 1/1/2017 | Exp 12/31/2025,Property/Casualty,Listing of Certified Reinsurers,
"Wilton Reinsurance Bermuda, Ltd.",Certified Reinsurer,Secure-3,Arkansas,,Effective 1/1/2019 | Exp 12/31/2023,Property/Casualty,Listing of Certified Reinsurers,
Arch Reinsurance Ltd.,Certified Reinsurer,Secure-3 (20%),California,Bermuda,"Initial Jul. 1, 2014 | Exp Dec. 31, 2026","Life, Accident/Health, Property/Casualty",Current Certified Reinsurers,CRIN CR-3194126
Chubb European Group SE,Certified Reinsurer,Secure-2 (10%),California,France,"Initial Jan. 1, 2021 | Exp Dec. 31, 2026",Property/Casualty,Current Certified Reinsurers,CRIN CR-1320152
Chubb Tempest Reinsurance Ltd.,Certified Reinsurer,Secure-2 (10%),California,Bermuda,"Initial Jan. 1, 2014 | Exp Dec. 31, 2026","Life, Property/Casualty",Current Certified Reinsurers,CRIN CR-3190770
Convex Insurance UK Ltd.,Certified Reinsurer,Secure-4 (50%),California,United Kingdom,"Initial Jan. 1, 2022 | Exp June 24, 2025","Accident/Health, Property/Casualty",Current Certified Reinsurers,CRIN CR-1120191
Convex Insurance UK Ltd.,Certified Reinsurer,Secure-3 (20%),California,United Kingdom,"Initial June 25, 2025 | Exp Dec. 31, 2026","Accident/Health, Property/Casualty",Current Certified Reinsurers,CRIN CR-1120191
Convex Re Ltd.,Certified Reinsurer,Secure-4 (50%),California,Bermuda,"Initial Jan. 1, 2022 | Exp June 24, 2025",Property/Casualty,Current Certified Reinsurers,CRIN CR-3191400
Convex Re Ltd.,Certified Reinsurer,Secure-3 (20%),California,Bermuda,"Initial June 25, 2025 | Exp Dec. 31, 2026",Property/Casualty,Current Certified Reinsurers,CRIN CR-3191400
DaVinci Reinsurance Ltd.,Certified Reinsurer,Secure-4 (50%),California,Bermuda,"Initial Oct. 1, 2018 | Exp Dec. 31, 2026",Property/Casualty,Current Certified Reinsurers,CRIN CR-3194122
"Endurance Specialty Insurance, Ltd.",Certified Reinsurer,Secure-3 (20%),California,Bermuda,"Initial Jan. 1, 2017 | Exp Dec. 31, 2026",Property/Casualty,Current Certified Reinsurers,CRIN CR-3194130
"Endurance Specialty Insurance, Ltd.",Certified Reinsurer,Secure-4 (50%),California,Bermuda,"Initial Jul. 1, 2015 | Exp Dec. 31, 2016",Property/Casualty,Current Certified Reinsurers,CRIN CR-3194130
Fidelis Insurance Bermuda Limited,Certified Reinsurer,Secure-4 (50%),California,Bermuda,"Initial Jan. 1, 2022 | Exp Dec. 31, 2026",Property/Casualty,Current Certified Reinsurers,CRIN CR-3191289
Fidelis Underwriting Limited,Certified Reinsurer,Secure-4 (50%),California,United Kingdom,"Initial Jan. 1, 2022 | Exp Dec. 31, 2026",Property/Casualty,Current Certified Reinsurers,CRIN CR-1120175
Hamilton Re Ltd.,Certified Reinsurer,Secure-4 (50%),California,Bermuda,"Initial Jan. 1, 2021 | Exp Dec. 31, 2024",Property/Casualty,Current Certified Reinsurers,CRIN CR-3191190
Hamilton Re Ltd.,Certified Reinsurer,Secure-3 (20%),California,Bermuda,"Initial Jan. 1, 2025 | Exp Dec. 31, 2026",Property/Casualty,Current Certified Reinsurers,CRIN CR-3191190
Hannover Life Reassurance Company of America (Bermuda) Ltd.,Certified Reinsurer,Secure-2 (10%),California,Bermuda,"Initial Dec. 31, 2020 | Exp Dec. 31, 2023","Life, Health and Annuities",Current Certified Reinsurers,CRIN CR-3191255
Hannover Ruck SE,Certified Reinsurer,Secure-2 (10%),California,Germany,"Initial Dec. 31, 2014 | Exp Dec. 31, 2026","Life, Accident/Health, Property/Casualty",Current Certified Reinsurers,CRIN CR-1340125
Hiscox Insurance Company (Bermuda) Ltd.,Certified Reinsurer,Secure-3 (20%),California,Bermuda,"Initial Dec. 31, 2017 | Exp Dec. 31, 2026",Property/Casualty,Current Certified Reinsurers,CRIN CR-3190875
MS Amlin AG,Certified Reinsurer,Secure-3 (20%),California,Switzerland,"Initial Jan. 1, 2022 | Exp Dec. 31, 2026",Property/Casualty,Current Certified Reinsurers,CRIN CR-1460019
New Reinsurance Company Ltd.,Certified Reinsurer,Secure-2 (10%),California,Switzerland,"Initial Jan. 1, 2020 | Exp Dec. 31, 2026","Life, Accident/Health, Property/Casualty",Current Certified Reinsurers,CRIN CR-1460100
Partner Reinsurance Europe SE,Certified Reinsurer,Secure-3 (20%),California,Ireland,"Initial Jan. 1, 2020 | Exp Dec. 31, 2026","Life, Accident/Health, Property/Casualty",Current Certified Reinsurers,CRIN CR-1780078
Renaissance Re Europe AG (1),Certified Reinsurer,Secure-3 (20%),California,Switzerland,"Initial Jul. 1, 2014 | Exp Dec. 31, 2026",Property/Casualty,Current Certified Reinsurers,CRIN CR-1460023
Renaissance Reinsurance Ltd.,Certified Reinsurer,Secure-3 (20%),California,Bermuda,"Initial Oct. 1, 2018 | Exp Dec. 31, 2026",Property/Casualty,Current Certified Reinsurers,CRIN CR-3190339
Somers Re Ltd. (2),Certified Reinsurer,Secure-4 (50%),California,Bermuda,"Initial Jan. 1, 2020 | Exp Dec. 31, 2026",Property/Casualty,Current Certified Reinsurers,CRIN CR-3191250
Swiss Reinsurance Company Ltd.,Certified Reinsurer,Secure-2 (10%),California,Switzerland,"Initial Jul. 1, 2014 | Exp Dec. 31, 2026","Life, Accident/Health, Property/Casualty",Current Certified Reinsurers,CRIN CR-1460021
Underwriters at Lloyd’s London,Certified Reinsurer,Secure-3 (20%),California,United Kingdom,"Initial Jul. 1, 2015 | Exp Dec. 31, 2022",Property/Casualty,Current Certified Reinsurers,CRIN AA-1122000
Wilton Reinsurance Bermuda Limited,Certified Reinsurer,Secure-3 (20%),California,Bermuda,"Initial Jan. 1, 2019 | Exp Dec. 31, 2023","Life, Accident/Health",Current Certified Reinsurers,CRIN CR-3190878
XL Bermuda Ltd.,Certified Reinsurer,Secure-3 (20%),California,Bermuda,"Initial Jan. 1, 2018 | Exp Dec. 31, 2020",Property/Casualty,Current Certified Reinsurers,CRIN CR-3191315
XL Bermuda Ltd.,Certified Reinsurer,Secure-2 (10%),California,Bermuda,"Initial Jan. 1, 2021 | Exp Dec. 31, 2026",Property/Casualty,Current Certified Reinsurers,CRIN CR-3191315
XL Re Europe SE,Certified Reinsurer,Secure-2 (10%),California,Ireland,"Initial Jan. 1, 2023 | Exp Dec. 31, 2026",Property/Casualty,Current Certified Reinsurers,CRIN CR-1780072
Arch Reinsurance Ltd. (Bermuda),Certified Reinsurer,Secure-3,Connecticut,Bermuda,Initial 04/27/2015 | Exp 12/31/2026,"Life, Annuities, Accident & Health, Property & Casualty",CT Certified Reinsurers,
CHUBB European Group SE,Certified Reinsurer,Secure-2,Connecticut,France,Initial 01/14/2021 | Exp 12/31/2026,"Accident & Health, Property & Casualty",CT Certified Reinsurers,
DaVinci Reinsurance Ltd.,Certified Reinsurer,Secure-3,Connecticut,Bermuda,Initial 11/21/2018 | Exp 12/31/2026,Property & Casualty and Accident & Health,CT Certified Reinsurers,
Endurance Specialty Insurance Ltd.,Certified Reinsurer,Secure-3,Connecticut,Bermuda,Initial 12/30/2015 | Exp 12/31/2026,Property & Casualty,CT Certified Reinsurers,
Fidelis Insurance Bermuda Limited,Certified Reinsurer,Secure-4,Connecticut,Bermuda,Initial 01/01/2022 | Exp 12/31/2026,Property & Casualty,CT Certified Reinsurers,
Fidelis Underwriting Ltd,Certified Reinsurer,Secure-4,Connecticut,United,Initial 01/01/2022 | Exp 12/31/2026,Property & Casualty,CT Certified Reinsurers,
General Reinsurance AG,Certified Reinsurer,Secure-2,Connecticut,Germany,Initial 11/19/2020 | Exp 12/31/2023 Not renewing for 2025,Life & Health including Annuities,CT Certified Reinsurers,Not renewing
Hannover Life Reassurance Company of America (Bermuda) Ltd.,Certified Reinsurer,Secure-2,Connecticut,Bermuda,Initial 11/21/2018 | Exp 12/31/2026,Life & Health including Annuities,CT Certified Reinsurers,
Hannover Rück SE,Certified Reinsurer,Secure-2,Connecticut,Germany,Initial 05/22/2014 | Exp 12/31/2026,"Life, Annuities, Accident & Health, Property & Casualty",CT Certified Reinsurers,
Hiscox Insurance Company (Bermuda) Limited,Certified Reinsurer,Secure-3,Connecticut,Bermuda,Initial 08/15/2017 | Exp 12/31/2026,Property & Casualty,CT Certified Reinsurers,
Renaissance Reinsurance Ltd.,Certified Reinsurer,Secure-3,Connecticut,Bermuda,Initial 11/21/2018 | Exp 12/31/2026,Property & Casualty and Accident & Health,CT Certified Reinsurers,
RenaissanceRe Europe AG f/k/a Tokio Millennium Re AG,Certified Reinsurer,Secure-3,Connecticut,Switzerland,Initial 05/14/2015 | Exp 12/31/2026,Property & Casualty and Accident & Health,CT Certified Reinsurers,
"Somers Re, Ltd (f/k/a Watford Re, Ltd.)",Certified Reinsurer,Secure-4,Connecticut,Bermuda,Initial 03/16/2020 | Exp 12/31/2026,Property & Casualty,CT Certified Reinsurers,
Swiss Reinsurance Company Ltd.,Certified Reinsurer,Secure-2,Connecticut,Switzerland,Initial 03/19/2018 | Exp 12/31/2026,"Life, Annuities, Accident & Health, Property & Casualty",CT Certified Reinsurers,
TransRe London Limited,Certified Reinsurer,Secure-2,Connecticut,United,Initial 05/09/2017 | Exp 12/31/2026,Property & Casualty,CT Certified Reinsurers,
Wilton Reinsurance Bermuda Limited,Certified Reinsurer,Secure-4,Connecticut,Bermuda,Initial 06/07/2019 | Exp 12/31/2024 Not renewing for 2025,Life & Annuities,CT Certified Reinsurers,Not renewing
XL Bermuda Ltd.,Certified Reinsurer,Secure-2,Connecticut,Bermuda,Initial 01/01/2019 | Exp 12/31/2026,Property & Casualty,CT Certified Reinsurers,
ACE INA Overseas Insurance Company Ltd.,Certified Reinsurer,Secure-2 (10%),Delaware,,Initial 01/01/2017 | Renewal 01/01/2019 to 12/31/2019,,Listing of Certified Reinsurers,
"Allied World Assurance Company, Ltd.",Certified Reinsurer,Secure-3 (20%),Delaware,,Initial 10/01/2014 | Renewal 01/01/2026 to 12/31/2026,,Listing of Certified Reinsurers,
ARCH GROUP REINSURANCE LTD.,Certified Reinsurer,Secure-2 (10%),Delaware,,Initial 03/14/2024 | Renewal 03/14/2024 to 12/31/2025,,Listing of Certified Reinsurers,
Arch Reinsurance Ltd.,Certified Reinsurer,Secure-3 (10%),Delaware,,Initial 10/01/2014 | Renewal 01/01/2026 to 12/31/2026,,Listing of Certified Reinsurers,
Athene Life Re Ltd.,Certified Reinsurer,Secure-3 (20%),Delaware,,Initial 06/15/2017 | Renewal 01/01/2026 to 12/31/2026,,Listing of Certified Reinsurers,
Chubb European Group SE,Certified Reinsurer,Secure-2 (10%),Delaware,,Initial 01/01/2021 | Renewal 01/01/2025 to 12/31/2025,,Listing of Certified Reinsurers,
DaVinci Reinsurance Ltd.,Certified Reinsurer,Secure-3 (20%),Delaware,,Initial 10/31/2018 | Renewal 01/01/2026 to 12/31/2026,,Listing of Certified Reinsurers,
Endurance Specialty Insurance Limited,Certified Reinsurer,Secure-3 (20%),Delaware,,Initial 07/01/2015 | Renewal 01/01/2026 to 12/31/2026,,Listing of Certified Reinsurers,
"Everest Reinsurance (Bermuda), Ltd.",Certified Reinsurer,Secure-3 (20%),Delaware,,Initial 10/01/2014 | Renewal 01/01/2025 to 12/31/2025,,Listing of Certified Reinsurers,
Fidelis Underwriting Limited,Certified Reinsurer,Secure-4 (50%),Delaware,,Initial 01/01/2022 | Renewal 01/01/2026 to 12/31/2026,,Listing of Certified Reinsurers,
Hamilton Re Ltd,Certified Reinsurer,Secure-3 (20%),Delaware,,Initial 11/03/2016 | Renewal 01/01/2026 to 12/31/2026,,Listing of Certified Reinsurers,
Hannover Life Reassurance Company,Certified Reinsurer,Secure-2 (10%),Delaware,,Initial 01/01/2019 | Renewal 01/01/2024 to 12/31/2024,,Listing of Certified Reinsurers,
Hannover Ruck SE,Certified Reinsurer,Secure-2 (10%),Delaware,,Initial 10/01/2014 | Renewal 01/01/2026 to 12/31/2026,,Listing of Certified Reinsurers,
Hiscox Insurance Company (Bermuda) Ltd,Certified Reinsurer,Secure-3 (20%),Delaware,,Initial 01/01/2017 | Renewal 01/01/2026 to 12/31/2026,,Listing of Certified Reinsurers,
Liberty Specialty Markets Bermuda Limited,Certified Reinsurer,Secure-3 (20%),Delaware,,Initial 01/01/2020 | Renewal 01/01/2022 to 12/31/2022,,Listing of Certified Reinsurers,
MS Amlin AG,Certified Reinsurer,Secure-3 (20%),Delaware,,Initial 01/01/2022 | Renewal 01/01/2026 to 12/31/2026,,Listing of Certified Reinsurers,
Münchener Rückversicherungs-Gesellschaft Aktiengesellschaft in Munchen (Munich Re),Certified Reinsurer,Secure-2 (10%),Delaware,,Initial 10/01/2014 | Renewal 01/01/2026 to 12/31/2026,,Listing of Certified Reinsurers,
"New Reinsurance Company, Ltd.",Certified Reinsurer,Secure-2 (10%),Delaware,,Initial 07/01/2019 | Renewal 01/01/2026 to 12/31/2026,,Listing of Certified Reinsurers,
Partner Reinsurance Europe SE,Certified Reinsurer,Secure-3 (20%),Delaware,,Initial 01/01/2020 | Renewal 01/01/2025 to 12/31/2025,,Listing of Certified Reinsurers,
Renaissance Reinsurance Ltd.,Certified Reinsurer,Secure-3 (20%),Delaware,,Initial 01/01/2019 | Renewal 01/01/2026 to 12/31/2026,,Listing of Certified Reinsurers,
RenaissanceRe Europe AG (fka: Tokio Millennium Re AG),Certified Reinsurer,Secure-3 (20%),Delaware,,Initial 04/01/2015 | Renewal 01/01/2026 to 12/31/2026,,Listing of Certified Reinsurers,
SCOR Global Life Reinsurance Ireland Ltd.,Certified Reinsurer,Secure-2 (10%),Delaware,,Initial 10/01/2014 | Renewal 01/01/2023 to 12/31/2023,,Listing of Certified Reinsurers,
SCOR Ireland DAC,Certified Reinsurer,Secure-2 (10%),Delaware,,Initial 09/10/2020 | Renewal 01/01/2022 to 12/31/2022,,Listing of Certified Reinsurers,
Somers Re Ltd. (fka: Watford Re Ltd.),Certified Reinsurer,Secure-4 (50%),Delaware,,Initial 01/01/2020 | Renewal 01/01/2026 to 12/31/2026,,Listing of Certified Reinsurers,
Somerset Reinsurance Ltd.,Certified Reinsurer,Secure-5 (75%),Delaware,,Initial 01/01/2021 | Renewal 01/01/2026 to 12/31/2026,,Listing of Certified Reinsurers,
Swiss Reinsurance Company Ltd.,Certified Reinsurer,Secure-2 (10%),Delaware,,Initial 01/01/2018 | Renewal 01/01/2026 to 12/31/2026,,Listing of Certified Reinsurers,
TransRe London Limited,Certified Reinsurer,Secure-3 (20%),Delaware,,Initial 01/01/2016 | Renewal 01/01/2025 to 12/31/2025,,Listing of Certified Reinsurers,
Wilton Reinsurance Bermuda Limited,Certified Reinsurer,Secure-3 (20%),Delaware,,Initial 01/01/2019 | Renewal 01/01/2022 to 12/31/2022,,Listing of Certified Reinsurers,
XL Bermuda Ltd.,Certified Reinsurer,Secure-2 (10%),Delaware,,Initial 01/01/2019 | Renewal 01/01/2026 to 12/31/2026,,Listing of Certified Reinsurers,
Arch Reinsurance Limited,Certified Reinsurer,Secure-2 (10%),District of Columbia,,01/01/2024-12/31/2024,"Life, Annuity, Accident, Health Marine, Property and Casualty",Approved Certified Reinsurers PDF (2024),
Chubb European Group SE,Certified Reinsurer,Secure-2 (10%),District of Columbia,,01/01/2024-12/31/2024,Property and Casualty,Approved Certified Reinsurers PDF (2024),
Somers Re Ltd.,Certified Reinsurer,Secure-2 (10%),District of Columbia,,01/01/2024-12/31/2024,Property and Casualty,Approved Certified Reinsurers PDF (2024),
"Allied World Assurance Company, Ltd.",Certified Reinsurer,Secure-3,Florida,,,,Certified Reinsurers table,Consent Order
Arch Reinsurance Ltd.,Certified Reinsurer,Secure-3,Florida,,,,Certified Reinsurers table,Consent Order Press Release Hurricane Irma Hurricane Ian
Aspen Bermuda Ltd. (f/k/a Aspen Insurance Ltd.),Certified Reinsurer,Secure-4,Florida,,,,Certified Reinsurers table,Consent Order Press Release Hurricane Ian
Chubb European Group SE,Certified Reinsurer,Secure-2,Florida,,,,Certified Reinsurers table,Approval Letter
Chubb Tempest Reinsurance Ltd. (f/k/a Ace Tempest Reinsurance Ltd.),Certified Reinsurer,Secure-2,Florida,,,,Certified Reinsurers table,Consent Order Letter - Name Change Press Release Hurricane Irma Hurricane Michael
DaVinci Reinsurance Ltd.,Certified Reinsurer,Secure-3,Florida,,,,Certified Reinsurers table,"Consent Order Press Release Hurricanes Delta, Zeta, Eta Hurricane Sally Hurricane Laura Hurricane Irma Hurricane Florence Hurricane Michael Hurricane Dorian Hurricane Ida Hurricane Ian"
"Endurance Specialty Insurance, Ltd.",Certified Reinsurer,Secure-3,Florida,,,,Certified Reinsurers table,Consent Order Press Release
Fidelis Insurance Bermuda Limited,Certified Reinsurer,Secure-4,Florida,,,,Certified Reinsurers table,Approval Letter
Fidelis Underwriting Limited,Certified Reinsurer,Secure-4,Florida,,,,Certified Reinsurers table,Approval Letter
"Hamilton Re, Ltd.",Certified Reinsurer,Secure-4,Florida,,,,Certified Reinsurers table,Approval Letter
Hannover Life Reassurance Company of America (Bermuda) Ltd.,Certified Reinsurer,Secure-2,Florida,,,,Certified Reinsurers table,Consent Order
Hannover Re (Bermuda) Ltd.,Certified Reinsurer,Secure-2,Florida,,,,Certified Reinsurers table,Consent Order
Hannover Ruck SE (f/k/a Hannover Ruckversicherung AG),Certified Reinsurer,Secure-2,Florida,,,,Certified Reinsurers table,Consent Order Letter - Name Change Press Release
Hiscox Insurance Company (Bermuda) Limited,Certified Reinsurer,Secure-3,Florida,,,,Certified Reinsurers table,Consent Order Press Release Hurricane Ian
Markel Bermuda Limited (f/k/a Alterra Bermuda Limited),Certified Reinsurer,Secure-3,Florida,,,,Certified Reinsurers table,Consent Order Press Release Hurricane Irma
Partner Reinsurance Company Ltd.,Certified Reinsurer,Secure-3,Florida,,,,Certified Reinsurers table,Consent Order Press Release
Partner Reinsurance Europe SE,Certified Reinsurer,Secure-2,Florida,,,,Certified Reinsurers table,Consent Order
Renaissance Reinsurance Ltd.,Certified Reinsurer,Secure-3,Florida,,,,Certified Reinsurers table,"Consent Order Press Release Hurricanes Delta, Zeta, Eta Hurricane Sally Hurricane Laura Hurricane Irma Hurricane Florence Hurricane Michael Hurricane Dorian Hurricane Ida Hurricane Ian"
RenaissanceRe Europe AG (f/k/a Tokio Millennium Re AG),Certified Reinsurer,Secure-3,Florida,,,,Certified Reinsurers table,Consent Order Letter - Name Change Press Release Hurricane Ida Hurricane Ian
Somers Re Ltd.,Certified Reinsurer,Secure-4,Florida,,,,Certified Reinsurers table,Approval Letter
Somerset Reinsurance Ltd.,Certified Reinsurer,Secure-5,Florida,,,,Certified Reinsurers table,Consent Order
Swiss Reinsurance Company Ltd.,Certified Reinsurer,Secure-2,Florida,,,,Certified Reinsurers table,Consent Order
"Validus Reinsurance, Ltd.",Certified Reinsurer,Secure-3,Florida,,,,Certified Reinsurers table,Consent Order Press Release Hurricane Irma Hurricane Florence Hurricane Michael
Wilton Reinsurance Bermuda Limited,Certified Reinsurer,Secure-3,Florida,,,,Certified Reinsurers table,Consent Order
XL Bermuda Ltd (f/k/a XL Re Ltd),Certified Reinsurer,Secure-2,Florida,,,,Certified Reinsurers table,Consent Order Letter - Name Change Press Release Hurricane Irma
XL RE Europe SE,Certified Reinsurer,Secure-2,Florida,,,,Certified Reinsurers table,Approval Letter
ALLIANZ Global & Corporate Specialty SE,Reciprocal Jurisdiction Reinsurer,Listed for 2026,Florida,Germany,2026,P&C,Reciprocal Jurisdiction Reinsurers table,
"Allied World Assurance Company, Ltd.",Reciprocal Jurisdiction Reinsurer,Listed for 2026,Florida,Bermuda,"2023, 2024, 2025, 2026",P&C,Reciprocal Jurisdiction Reinsurers table,
Arch Reinsurance Ltd.,Reciprocal Jurisdiction Reinsurer,Listed for 2026,Florida,Bermuda,"2023, 2024, 2025, 2026","Life, Annuities, A&H, P&C",Reciprocal Jurisdiction Reinsurers table,
Ascot Bermuda Limited,Reciprocal Jurisdiction Reinsurer,Listed for 2026,Florida,Bermuda,"2022, 2023, 2024, 2025, 2026",P&C,Reciprocal Jurisdiction Reinsurers table,
Aspen Bermuda Limited,Reciprocal Jurisdiction Reinsurer,Listed for 2026,Florida,Bermuda,"2022, 2023, 2024, 2025, 2026",P&C,Reciprocal Jurisdiction Reinsurers table,
"Assicurazioni Generali, S.p.A",Reciprocal Jurisdiction Reinsurer,Listed for 2026,Florida,Italy,2026,P&C,Reciprocal Jurisdiction Reinsurers table,
AXA XL Reinsurance Ltd.,Reciprocal Jurisdiction Reinsurer,Listed for 2026,Florida,Bermuda,"2024, 2025, 2026",P&C,Reciprocal Jurisdiction Reinsurers table,
Axis Specialty Ltd.,Reciprocal Jurisdiction Reinsurer,Listed for 2026,Florida,Bermuda,"2023, 2024, 2025, 2026","P&C, A&H",Reciprocal Jurisdiction Reinsurers table,
Brit Reinsurance (Bermuda) Limited,Reciprocal Jurisdiction Reinsurer,Listed for 2026,Florida,Bermuda,"2025, 2026",P&C,Reciprocal Jurisdiction Reinsurers table,
Canopius Reinsurance Limited,Reciprocal Jurisdiction Reinsurer,Listed for 2026,Florida,Bermuda,"2025, 2026",P&C,Reciprocal Jurisdiction Reinsurers table,
Cavello Bay Reinsurance Limited,Reciprocal Jurisdiction Reinsurer,Listed for 2026,Florida,Bermuda,"2025, 2026","Life, Annuities, A&H, P&C",Reciprocal Jurisdiction Reinsurers table,
Chubb European Group SE,Reciprocal Jurisdiction Reinsurer,Listed for 2026,Florida,France,"2022, 2023, 2024, 2025, 2026","P&C, A&H",Reciprocal Jurisdiction Reinsurers table,
Chubb Tempest Reinsurance Ltd.,Reciprocal Jurisdiction Reinsurer,Listed for 2026,Florida,Bermuda,"2022, 2023, 2024, 2025, 2026","Life, A&H, P&C",Reciprocal Jurisdiction Reinsurers table,
Conduit Reinsurance Limited,Reciprocal Jurisdiction Reinsurer,Listed for 2026,Florida,Bermuda,"2023, 2024, 2025, 2026",P&C,Reciprocal Jurisdiction Reinsurers table,
Convex Insurance UK Limited,Reciprocal Jurisdiction Reinsurer,Listed for 2026,Florida,United Kingdom,"2022, 2023, 2024, 2025, 2026","P&C, A&H",Reciprocal Jurisdiction Reinsurers table,
Convex Re Limited,Reciprocal Jurisdiction Reinsurer,Listed for 2026,Florida,Bermuda,"2022, 2023, 2024, 2025, 2026",P&C,Reciprocal Jurisdiction Reinsurers table,
DaVinci Reinsurance Ltd.,Reciprocal Jurisdiction Reinsurer,Listed for 2026,Florida,Bermuda,"2022, 2023, 2024, 2025, 2026",P&C,Reciprocal Jurisdiction Reinsurers table,
Devk Ruckversicherungs-Und Beteiligungs-AG - Devk Re,Reciprocal Jurisdiction Reinsurer,Listed for 2026,Florida,Germany,"2023, 2024, 2025, 2026","Life, A&H, P&C",Reciprocal Jurisdiction Reinsurers table,
Endurance Specialty Insurance Ltd.,Reciprocal Jurisdiction Reinsurer,Listed for 2026,Florida,Bermuda,"2024, 2025, 2026",P&C,Reciprocal Jurisdiction Reinsurers table,
"Everest Reinsurance (Bermuda), Ltd.",Reciprocal Jurisdiction Reinsurer,Listed for 2026,Florida,Bermuda,"2025, 2026",P&C,Reciprocal Jurisdiction Reinsurers table,
Fidelis Insurance Bermuda Limited,Reciprocal Jurisdiction Reinsurer,Listed for 2026,Florida,Bermuda,"2022, 2023, 2024, 2026",P&C,Reciprocal Jurisdiction Reinsurers table,
Fidelis Underwriting Limited,Reciprocal Jurisdiction Reinsurer,Listed for 2026,Florida,United Kingdom,"2023, 2024, 2026","Life, Annuities, A&H, P&C",Reciprocal Jurisdiction Reinsurers table,
Fortitude Reinsurance Co. Ltd.,Reciprocal Jurisdiction Reinsurer,Listed for 2026,Florida,Bermuda,"2023, 2024, 2026","Life, Annuities, A&H, P&C",Reciprocal Jurisdiction Reinsurers table,
Group Ark Insurance Limited,Reciprocal Jurisdiction Reinsurer,Listed for 2026,Florida,Bermuda,"2022, 2023, 2024, 2025, 2026",P&C,Reciprocal Jurisdiction Reinsurers table,
"Hamilton Re, Ltd.",Reciprocal Jurisdiction Reinsurer,Listed for 2026,Florida,Bermuda,"2023, 2024, 2025, 2026",P&C,Reciprocal Jurisdiction Reinsurers table,
Hannover Life Reassurance Company of America (Bermuda) Ltd.,Reciprocal Jurisdiction Reinsurer,Listed for 2026,Florida,Bermuda,"2022, 2025, 2026","Life, Annuities, A&H",Reciprocal Jurisdiction Reinsurers table,
Hannover Re (Bermuda),Reciprocal Jurisdiction Reinsurer,Listed for 2026,Florida,Bermuda,"2025, 2026",P&C,Reciprocal Jurisdiction Reinsurers table,
Hannover Re (Ireland) DAC,Reciprocal Jurisdiction Reinsurer,Listed for 2026,Florida,Ireland,"2023, 2024, 2025, 2026","Life, A&H, P&C",Reciprocal Jurisdiction Reinsurers table,
Hannover Ruck SE,Reciprocal Jurisdiction Reinsurer,Listed for 2026,Florida,Germany,"2023, 2024, 2025, 2026","Life, Annuities, A&H, P&C",Reciprocal Jurisdiction Reinsurers table,
Hiscox Insurance Company (Bermuda) Limited,Reciprocal Jurisdiction Reinsurer,Listed for 2026,Florida,Bermuda,"2023, 2024, 2025, 2026",P&C,Reciprocal Jurisdiction Reinsurers table,
Lancashire Insurance Company Ltd,Reciprocal Jurisdiction Reinsurer,Listed for 2026,Florida,Bermuda,"2022, 2023, 2024, 2025, 2026",P&C,Reciprocal Jurisdiction Reinsurers table,
Liberty Mutual Insurance Europe SE,Reciprocal Jurisdiction Reinsurer,Listed for 2026,Florida,Luxembourg,"2024, 2025, 2026",P&C,Reciprocal Jurisdiction Reinsurers table,
Liberty Specialty Markets Bermuda Limited,Reciprocal Jurisdiction Reinsurer,Listed for 2026,Florida,Bermuda,"2025, 2026",P&C,Reciprocal Jurisdiction Reinsurers table,
Lumen Re Ltd,Reciprocal Jurisdiction Reinsurer,Listed for 2026,Florida,Bermuda,"2024, 2025, 2026",P&C,Reciprocal Jurisdiction Reinsurers table,
"Mapfre Re, Compania de Reaseguros, S.A.",Reciprocal Jurisdiction Reinsurer,Listed for 2026,Florida,Spain,"2023, 2024, 2025, 2026",P&C,Reciprocal Jurisdiction Reinsurers table,
MS Amlin AG,Reciprocal Jurisdiction Reinsurer,Listed for 2026,Florida,Switzerland,"2023, 2024, 2025, 2026",P&C,Reciprocal Jurisdiction Reinsurers table,
Münchener Rückversicherung-Gesellschaft Aktiengesellschaft in München (Munich Re),Reciprocal Jurisdiction Reinsurer,Listed for 2026,Florida,Germany,"2023, 2024, 2025, 2026","Life, A&H, P&C",Reciprocal Jurisdiction Reinsurers table,
Partner Reinsurance Company Ltd.,Reciprocal Jurisdiction Reinsurer,Listed for 2026,Florida,Bermuda,"2023, 2024, 2025, 2026","Life, Annuities, A&H, P&C",Reciprocal Jurisdiction Reinsurers table,
Partner Reinsurance Europe SE,Reciprocal Jurisdiction Reinsurer,Listed for 2026,Florida,Ireland,"2022, 2023, 2024, 2025, 2026","Life, Annuities, A&H, P&C",Reciprocal Jurisdiction Reinsurers table,
QBE Capital Ltd.,Reciprocal Jurisdiction Reinsurer,Listed for 2026,Florida,Bermuda,"2025, 2026",P&C,Reciprocal Jurisdiction Reinsurers table,
Renaissance Reinsurance Ltd.,Reciprocal Jurisdiction Reinsurer,Listed for 2026,Florida,Bermuda,"2022, 2023, 2024, 2025, 2026",P&C,Reciprocal Jurisdiction Reinsurers table,
RenaissanceRe Europe AG,Reciprocal Jurisdiction Reinsurer,Listed for 2026,Florida,Switzerland,"2022, 2023, 2024, 2025, 2026",P&C,Reciprocal Jurisdiction Reinsurers table,
RenaissanceRe Specialty U.S. Ltd.,Reciprocal Jurisdiction Reinsurer,Listed for 2026,Florida,Bermuda,"2022, 2023, 2024, 2025, 2026",P&C,Reciprocal Jurisdiction Reinsurers table,
Siriuspoint International Insurance Corporation,Reciprocal Jurisdiction Reinsurer,Listed for 2026,Florida,Sweden,"2025, 2026","Life, A&H, P&C",Reciprocal Jurisdiction Reinsurers table,
Somers Re Ltd.,Reciprocal Jurisdiction Reinsurer,Listed for 2026,Florida,Bermuda,"2023, 2024, 2025, 2026",P&C,Reciprocal Jurisdiction Reinsurers table,
Somerset Reinsurance Ltd.,Reciprocal Jurisdiction Reinsurer,Listed for 2026,Florida,Bermuda,"2023, 2025, 2026","Life, Annuities, A&H",Reciprocal Jurisdiction Reinsurers table,
Swiss Reinsurance Company Ltd.,Reciprocal Jurisdiction Reinsurer,Listed for 2026,Florida,Switzerland,"2023, 2024, 2025, 2026","Life, Annuities, A&H, P&C",Reciprocal Jurisdiction Reinsurers table,
"Tokio Marine & Nichido Fire Insurance Co., Ltd.",Reciprocal Jurisdiction Reinsurer,Listed for 2026,Florida,Japan,"2025, 2026",P&C,Reciprocal Jurisdiction Reinsurers table,
TransRe Europe S.A.,Reciprocal Jurisdiction Reinsurer,Listed for 2026,Florida,Luxembourg,"2024, 2025, 2026",P&C,Reciprocal Jurisdiction Reinsurers table,
TransRe London Limited,Reciprocal Jurisdiction Reinsurer,Listed for 2026,Florida,United Kingdom,"2024, 2025, 2026",P&C,Reciprocal Jurisdiction Reinsurers table,
"Underwriters at Lloyd's, London",Reciprocal Jurisdiction Reinsurer,Listed for 2026,Florida,United Kingdom,"2022, 2023, 2024, 2025, 2026","Life, Annuities, A&H, P&C",Reciprocal Jurisdiction Reinsurers table,
Vermeer Reinsurance Ltd.,Reciprocal Jurisdiction Reinsurer,Listed for 2026,Florida,Bermuda,"2022, 2023, 2024, 2025, 2026",P&C,Reciprocal Jurisdiction Reinsurers table,
"VIG Re zajišťovna, a.s.",Reciprocal Jurisdiction Reinsurer,Listed for 2026,Florida,Czech Republic,"2024, 2025, 2026","Life, Annuities, A&H, P&C",Reciprocal Jurisdiction Reinsurers table,
XL Bermuda Ltd.,Reciprocal Jurisdiction Reinsurer,Listed for 2026,Florida,Bermuda,"2024, 2025, 2026",P&C,Reciprocal Jurisdiction Reinsurers table,
XL Re Europe SE,Reciprocal Jurisdiction Reinsurer,Listed for 2026,Florida,Ireland,"2024, 2025, 2026",P&C,Reciprocal Jurisdiction Reinsurers table,
Arch Reinsurance Ltd.,Certified Reinsurer,Secure-3,Georgia,Bermuda,"January 1, 2025 to December 31, 2025",Property/Casualty,Certifications for 2025,ID AA-3194126
Chubb European Group SE,Certified Reinsurer,Secure-2,Georgia,France,"January 1, 2025 to December 31, 2025","Life, Health, Property, Casualty",Certifications for 2025,ID A-1320125
Endurance Specialty Insurance Ltd.,Certified Reinsurer,Secure-3,Georgia,Bermuda,"January 1, 2025 to December 31, 2025",Property/Casualty,Certifications for 2025,ID AA-3194130
Fidelis Insurance Bermuda Limited,Certified Reinsurer,Secure-4,Georgia,Bermuda,"January 1, 2025 to December 31, 2025",Property/Casualty,Certifications for 2025,ID AA-3191289
Fidelis Underwriting Limited,Certified Reinsurer,Secure-4,Georgia,United Kingdom,"January 1, 2025 to December 31, 2025",Property/Casualty,Certifications for 2025,ID AA-1120175
Hannover Ruck SE (Hannover Re),Certified Reinsurer,Secure-2,Georgia,Germany,"January 1, 2025 to December 31, 2025","Life, Annuities, Accident/Health, Property/Casualty",Certifications for 2025,ID AA-1340125
"Hiscox Insurance Company (Bermuda), Ltd.",Certified Reinsurer,Secure-3,Georgia,Bermuda,"January 1, 2025 to December 31, 2025",Property/Casualty,Certifications for 2025,ID AA-3190875
"Münchener Rückversicherungs- Gesellshaft in München (""Munich Re"")",Certified Reinsurer,Secure-2,Georgia,Germany,"January 1, 2025 to December 31, 2025","Life, Annuities, Accident/Health, Property/Casualty",Certifications for 2025,ID AA-1340165
RenaissanceRe Europe AG (f/k/a Tokio Millennium Re AG),Certified Reinsurer,Secure-3,Georgia,Switzerland,"January 1, 2025 to December 31, 2025",Property/Casualty,Certifications for 2025,ID AA-1460023
Somers Re Ltd. Fka Watford Re Ltd,Certified Reinsurer,Secure-4,Georgia,Bermuda,"January 1, 2025 to December 31, 2025",Property/Casualty,Certifications for 2025,ID AA-3191250
Swiss Reinsurance Company Ltd.,Certified Reinsurer,Secure-2,Georgia,Switzerland,"January 1, 2025 to December 31, 2025","Life, Annuities, Accident/Health",Certifications for 2025,ID AA-1460146
TransRe London Limited,Certified Reinsurer,Secure-2,Georgia,United Kingdom,"January 1, 2025 to December 31, 2025",Property/Casualty,Certifications for 2025,ID AA-1120159
"XL Bermuda, Ltd.",Certified Reinsurer,Secure-2,Georgia,Bermuda,"January 1, 2025 to December 31, 2025",Property/Casualty,Certifications for 2025,ID AA-3191315
XL Re Europe SE,Certified Reinsurer,Secure-2,Georgia,Ireland,"January 1, 2025 to December 31, 2025",Property/Casualty,Certifications for 2025,ID AA-1780072
"Arch Reinsurance Ltd, Pembroke, Bermuda",Certified Reinsurer,Secure-3,Texas,,Effective 1/1/2019,,List of approved Certified Reinsurers,
Cavello Bay Reinsurance Ltd,Certified Reinsurer,Secure-3,Texas,,Effective 7/7/2025,,List of approved Certified Reinsurers,
"Chubb European Group SE, Courbevoie, France",Certified Reinsurer,Secure-2,Texas,,Effective 2/10/2021,,List of approved Certified Reinsurers,
"Chubb Tempest Reinsurance Ltd, Hamilton, Bermuda",Certified Reinsurer,Secure-2,Texas,,Effective 8/6/2019,,List of approved Certified Reinsurers,
"DaVinci Reinsurance Ltd., Pembroke, Bermuda",Certified Reinsurer,Secure-3,Texas,,Effective 01/01/2026,,List of approved Certified Reinsurers,
"Endurance Specialty Insurance Ltd, Pembroke, Bermuda",Certified Reinsurer,Secure-3,Texas,,Effective 7/10/2019,,List of approved Certified Reinsurers,
"Fidelis Insurance Bermuda Limited, Pembroke, Bermuda",Certified Reinsurer,Secure-4,Texas,,Effective 12/07/2021,,List of approved Certified Reinsurers,
"Fidelis Underwriting Limited, London, England",Certified Reinsurer,Secure-4,Texas,,Effective 12/07/2021,,List of approved Certified Reinsurers,
"Hamilton Re, Ltd,, Pembroke, Bermuda",Certified Reinsurer,Secure-3,Texas,,Effective 11/18/2020,,List of approved Certified Reinsurers,
"Hannover Life Reassurance Company of America (Bermuda) Ltd., Hamilton, Bermuda",Certified Reinsurer,Secure-2,Texas,,Effective 11/20/2018,,List of approved Certified Reinsurers,
"Hannover Ruck SE, Hannover, Germany",Certified Reinsurer,Secure-2,Texas,,Effective 11/20/2018,,List of approved Certified Reinsurers,
"MS Amlin AG, Zurich, Switzerland",Certified Reinsurer,Secure-3,Texas,,Effective 3/8/2022,,List of approved Certified Reinsurers,
"New Reinsurance Company Ltd, Zurich, Switzerland",Certified Reinsurer,Secure-2,Texas,,Effective 4/4/2019,,List of approved Certified Reinsurers,
"Partner Reinsurance Company Limited, Pembroke, Bermuda",Certified Reinsurer,Secure-3,Texas,,Effective 8/18/2019,,List of approved Certified Reinsurers,
"Partner Reinsurance Europe SE, Dublin, Ireland",Certified Reinsurer,Secure-3,Texas,,Effective 2/25/2020,,List of approved Certified Reinsurers,
"Renaissance Reinsurance Ltd., Pembroke, Bermuda",Certified Reinsurer,Secure-3,Texas,,Effective 11/12/2019,,List of approved Certified Reinsurers,
"Somers Re Ltd., Pembroke, Bermuda",Certified Reinsurer,Secure-4,Texas,,Effective 1/09/2020,,List of approved Certified Reinsurers,
"Somerset Reinsurance Ltd., Pembroke, Bermuda",Certified Reinsurer,Secure-5,Texas,,Effective 1/9/2020,,List of approved Certified Reinsurers,
"Swiss Reinsurance Company Ltd, Zurich, Switzerland",Certified Reinsurer,Secure-2,Texas,,Effective 7/28/2020,,List of approved Certified Reinsurers,
"TransRe London Limited, London, England",Certified Reinsurer,Secure-2,Texas,,Effective 10/16/2019,,List of approved Certified Reinsurers,
"Wilton Reinsurance Bermuda Limited, Hamilton, Bermuda",Certified Reinsurer,Secure-4,Texas,,Effective 6/10/2019,,List of approved Certified Reinsurers,
"XL Bermuda Ltd, Hamilton, Bermuda",Certified Reinsurer,Secure-2,Texas,,Effective 1/1/2019,,List of approved Certified Reinsurers,
XL Re Europe SE,Certified Reinsurer,Secure-2,Texas,,Effective 1/17/2023,,List of approved Certified Reinsurers,
"AmTrust International Insurance, Ltd",Reciprocal Jurisdiction Reinsurer,Listed,Texas,,Effective 05/08/2025,,List of Reciprocal Jurisdiction Reinsurers,Lead State: Delaware
Arch Reinsurance Ltd.,Reciprocal Jurisdiction Reinsurer,Listed,Texas,,Effective 11/17/2022,,List of Reciprocal Jurisdiction Reinsurers,Lead State: Missouri
Ascot Bermuda Limited,Reciprocal Jurisdiction Reinsurer,Listed,Texas,,Effective 10/27/2022,,List of Reciprocal Jurisdiction Reinsurers,Lead State: Colorado
Aspen Bermuda Limited,Reciprocal Jurisdiction Reinsurer,Listed,Texas,,Effective 1/7/2022,,List of Reciprocal Jurisdiction Reinsurers,Lead State: Texas
Aspida Life Re Ltd,Reciprocal Jurisdiction Reinsurer,Listed,Texas,,Effective 10/28/2024,,List of Reciprocal Jurisdiction Reinsurers,Lead State: Michigan
Athene Annuity Re Ltd.,Reciprocal Jurisdiction Reinsurer,Listed,Texas,,Effective 01/01/2026,,List of Reciprocal Jurisdiction Reinsurers,Lead State: Iowa
Athene Life Re Ltd.,Reciprocal Jurisdiction Reinsurer,Listed,Texas,,Effective 01/01/2026,,List of Reciprocal Jurisdiction Reinsurers,Lead State: Iowa
Aviva Insurance Limited,Reciprocal Jurisdiction Reinsurer,Listed,Texas,,Effective 9/28/2023,,List of Reciprocal Jurisdiction Reinsurers,Lead State: Colorado
AXA XL Reinsurance Ltd,Reciprocal Jurisdiction Reinsurer,Listed,Texas,,Effective 11/20/2023,,List of Reciprocal Jurisdiction Reinsurers,Lead State: New York
AXIS Specialty Limited,Reciprocal Jurisdiction Reinsurer,Listed,Texas,,Effective 1/18/2023,,List of Reciprocal Jurisdiction Reinsurers,Lead State: Missouri
Brit Reinsurance (Bermuda) Limited,Reciprocal Jurisdiction Reinsurer,Listed,Texas,,Effective 5/7/2025,,List of Reciprocal Jurisdiction Reinsurers,Lead State: New York
Canopius Reinsurance Limited,Reciprocal Jurisdiction Reinsurer,Listed,Texas,,Effective 11/26/2024,,List of Reciprocal Jurisdiction Reinsurers,Lead State: New York
Cavello Bay Reinsurance Limited,Reciprocal Jurisdiction Reinsurer,Listed,Texas,,Effective 7/8/2024,,List of Reciprocal Jurisdiction Reinsurers,Lead State: Texas
Chubb European Group SE,Reciprocal Jurisdiction Reinsurer,Listed,Texas,,Effective 3/08/2023,,List of Reciprocal Jurisdiction Reinsurers,Lead State: Pennsylvania
Chubb Tempest Reinsurance Ltd.,Reciprocal Jurisdiction Reinsurer,Listed,Texas,,Effective 1/17/2023,,List of Reciprocal Jurisdiction Reinsurers,Lead State: Pennsylvania
Conduit Reinsurance Limited,Reciprocal Jurisdiction Reinsurer,Listed,Texas,,Effective 2/16/2023,,List of Reciprocal Jurisdiction Reinsurers,Lead State: Louisiana
Convex Insurance UK Limited,Reciprocal Jurisdiction Reinsurer,Listed,Texas,,Effective 1/1/2022,,List of Reciprocal Jurisdiction Reinsurers,Lead State: California
Convex Re Limited,Reciprocal Jurisdiction Reinsurer,Listed,Texas,,Effective 1/1/2022,,List of Reciprocal Jurisdiction Reinsurers,Lead State: California
"Corebridge Insurance Company of Bermuda, Ltd",Reciprocal Jurisdiction Reinsurer,Listed,Texas,,Effective 1/26/2024,,List of Reciprocal Jurisdiction Reinsurers,Lead State: Texas
DaVinci Reinsurance Ltd.,Reciprocal Jurisdiction Reinsurer,Listed,Texas,,Effective 2/28/2022,,List of Reciprocal Jurisdiction Reinsurers,Lead State: Maryland
DEVK Ruckversicherungs- und Beteiligungs-AG-DEVK RE,Reciprocal Jurisdiction Reinsurer,Listed,Texas,,Effective 9/21/2023,,List of Reciprocal Jurisdiction Reinsurers,Lead State: Colorado
Endurance Specialty Insurance Ltd,Reciprocal Jurisdiction Reinsurer,Listed,Texas,,Effective 03/13/2024,,List of Reciprocal Jurisdiction Reinsurers,Lead State: New York
"Everest Reinsurance (Bermuda), Ltd.",Reciprocal Jurisdiction Reinsurer,Listed,Texas,,Effective 6/08/2022,,List of Reciprocal Jurisdiction Reinsurers,Lead State: Delaware
Fidelis Insurance Bermuda Limited,Reciprocal Jurisdiction Reinsurer,Listed,Texas,,Effective 1/30/2023,,List of Reciprocal Jurisdiction Reinsurers,Lead State: Colorado
Fidelis Underwriting Limited,Reciprocal Jurisdiction Reinsurer,Listed,Texas,,Effective 1/18/2023,,List of Reciprocal Jurisdiction Reinsurers,Lead State: Colorado
Fortitude International Reinsurance Ltd.,Reciprocal Jurisdiction Reinsurer,Listed,Texas,,Effective 6/20/2023,,List of Reciprocal Jurisdiction Reinsurers,Lead State: Texas
Fortitude Reinsurance Company Ltd.,Reciprocal Jurisdiction Reinsurer,Listed,Texas,,Effective 1/1/2022,,List of Reciprocal Jurisdiction Reinsurers,Lead State: Texas
Freestone Re Ltd,Reciprocal Jurisdiction Reinsurer,Listed,Texas,,Effective 5/16/2022,,List of Reciprocal Jurisdiction Reinsurers,Lead State: Texas
General Reinsurance AG,Reciprocal Jurisdiction Reinsurer,Listed,Texas,,Effective 01/07/2026,,List of Reciprocal Jurisdiction Reinsurers,Lead State: Connecticut
Group Ark Insurance Limited,Reciprocal Jurisdiction Reinsurer,Listed,Texas,,Effective 10/27/2022,,List of Reciprocal Jurisdiction Reinsurers,Lead State: Delaware
"Hamilton Re, Ltd",Reciprocal Jurisdiction Reinsurer,Listed,Texas,,Effective 6/8/2022,,List of Reciprocal Jurisdiction Reinsurers,Lead State: Delaware
Hannover Life Reassurance Company of America (Bermuda),Reciprocal Jurisdiction Reinsurer,Listed,Texas,,Effective 2/13/2023,,List of Reciprocal Jurisdiction Reinsurers,Lead State: Florida
Hannover Re (Bermuda) Ltd,Reciprocal Jurisdiction Reinsurer,Listed,Texas,,Effective 8/08/2023,,List of Reciprocal Jurisdiction Reinsurers,Lead State: New York
Hannover Re (Ireland) DAC,Reciprocal Jurisdiction Reinsurer,Listed,Texas,,Effective 1/18/2023,,List of Reciprocal Jurisdiction Reinsurers,Lead State: New York
Hannover Ruck SE,Reciprocal Jurisdiction Reinsurer,Listed,Texas,,Effective 1/24/2023,,List of Reciprocal Jurisdiction Reinsurers,Lead State: New York
Helvetia Swiss Insurance Company LTD,Reciprocal Jurisdiction Reinsurer,Listed,Texas,,Effective 10/27/2022,,List of Reciprocal Jurisdiction Reinsurers,Lead State: New York
Hiscox Insurance Company (Bermuda) Limited,Reciprocal Jurisdiction Reinsurer,Listed,Texas,,Effective 10/27/2022,,List of Reciprocal Jurisdiction Reinsurers,Lead State: New York
Lancashire Insurance Company Limited,Reciprocal Jurisdiction Reinsurer,Listed,Texas,,Effective 6/7/2022,,List of Reciprocal Jurisdiction Reinsurers,Lead State: Colorado
Liberty Mutual Insurance Europe SE,Reciprocal Jurisdiction Reinsurer,Listed,Texas,,Effective 1/02/2024,,List of Reciprocal Jurisdiction Reinsurers,Lead State: Massachusetts
Liberty Specialty Markets Bermuda Limited,Reciprocal Jurisdiction Reinsurer,Listed,Texas,,Effective 03/25/2024,,List of Reciprocal Jurisdiction Reinsurers,Lead State: Massachusetts
Lumen Re Ltd.,Reciprocal Jurisdiction Reinsurer,Listed,Texas,,Effective 9/14/2023,,List of Reciprocal Jurisdiction Reinsurers,Lead State: New York
"MAPFRE RE, Compania de Reaseguros, S.A.",Reciprocal Jurisdiction Reinsurer,Listed,Texas,,Effective 6/26/2023,,List of Reciprocal Jurisdiction Reinsurers,Lead State: New York
Markel Bermuda Limited,Reciprocal Jurisdiction Reinsurer,Listed,Texas,,Effective 03/19/2026,,List of Reciprocal Jurisdiction Reinsurers,Lead State: New York
Markel International Insurance Company Limited,Reciprocal Jurisdiction Reinsurer,Listed,Texas,,Effective 03/16/2026,,List of Reciprocal Jurisdiction Reinsurers,Lead State: New York
Mitsui Sumitomo Insurance Company Limited,Reciprocal Jurisdiction Reinsurer,Listed,Texas,,Effective 3/08/2024,,List of Reciprocal Jurisdiction Reinsurers,Lead State: New York
MS Amlin AG,Reciprocal Jurisdiction Reinsurer,Listed,Texas,,Effective 1/24/2023,,List of Reciprocal Jurisdiction Reinsurers,Lead State: Colorado
Munchener Ruckversicherungs- Gesellschaft Aktiengesellschaft,Reciprocal Jurisdiction Reinsurer,Listed,Texas,,Effective 1/18/2023,,List of Reciprocal Jurisdiction Reinsurers,Lead State: Georgia
New Reinsurance Company Ltd.,Reciprocal Jurisdiction Reinsurer,Listed,Texas,,Effective 6/9/2022,,List of Reciprocal Jurisdiction Reinsurers,Lead State: Maryland
Pacific Life Re Global Limited,Reciprocal Jurisdiction Reinsurer,Listed,Texas,,Effective 2/20/2025,,List of Reciprocal Jurisdiction Reinsurers,Lead State: Nebraska
